"Abbas, Danyal",6,213,215
"Abelson, Julie",6,222,221
"Abid, Muhammad Abdullah",6,213,213
"Acosta, Adrian",6,235,240
"Aguayo, Carla",6,221,224
"Aguilar, Danny",6,208,203
"Ah Sam, Quinton",6,242,240
"Akram, Ali",6,208,220
"Albiola, Devin",6,212,229
"Alcaraz, Lezly",6,219,218
"Ali, Aisha",6,204,214
"Ali, Anna",6,240,247
"Almalbis, Kaitlin",6,226,234
"Alsaadi, Sara",6,205,211
"Aponte, Alexis",6,242,238
"Arroyo, Mateo",6,213,223
"Aslam, Minahil",6,213,219
"Asogbon, Oluwatomi",6,221,225
"Atkinson, Jason",6,220,219
"Baciu, Dora",6,228,229
"Bacus, Youhana",6,213,214
"Battung, Angelo Luis",6,231,225
"Billah, Araf",6,242,247
"Blackwell, Clara",6,241,236
"Born, Lily",6,207,215
"Bretan, Laura",6,215,211
"Byrd, Edward",6,218,218
"Cagatan, Angelyn",6,209,214
"Cagatan, Katelyn",6,218,211
"Calalay, Robbie",6,213,222
"Camacho, Alia",6,228,231
"Carrillo, Emily",6,230,228
"Carrion, Tessa",6,217,218
"Carter, Ja'neice",6,214,222
"Chappotin, Leander",6,242,248
"Chey, Chetlar",6,221,219
"Chimoun, Banibal",6,170,174
"Chollampel, Lian",6,212,219
"Chupich, Elijah",6,210,209
"Cifuentes, Lailani",6,208,219
"Claybron, Kayla",6,219,213
"Cooper, Andrew",6,224,230
"Costello, Victor",6,212,212
"Cox, Jonathan",6,211,212
"De Klerk, Elizabeth",6,242,248
"De La Luz, Mark",6,207,217
"de la Rosa, Klyde",6,218,221
"Del Mundo, Seann Tyler",6,211,218
"Dennison, Cuziya",6,200,207
"Diaz, Antonio",6,217,216
"Durakovic, Aila",6,216,227
"Edegbe, Theresa",6,218,222
"Elchaer, Meekeila",6,211,222
"Enkhtugs, Temuulen",6,207,209
"Escalante Delgado, Christian",6,208,211
"Esho, Yousef",6,206,215
"Eversmann, Erica",6,234,225
"Fatima, Safiya",6,229,224
"Ferrigno, Hayden",6,247,246
"Francone, Joseph",6,239,241
"Gandhi, Vidhi",6,193,206
"Garcia, Valeria",6,211,220
"Glogic, Haris",6,244,248
"Gomez, Haley",6,223,230
"Gonzalez, Emiliano",6,202,219
"Goulbourne, Jada",6,209,203
"Grant, Morgan",6,184,203
"Gutierrez, Osiris",6,216,222
"Hall, Kiel",6,224,225
"Hanawalt, Claire",6,219,221
"Hasan, Fatima",6,202,205
"Hernandez, Alyssa",6,227,227
"Holden, Deven",6,164,169
"Iliev, Stefan",6,225,225
"Iverson, Isaiah",6,250,249
"Jaafar, Qamar",6,218,218
"Jaffri, Masooma",6,193,201
"Jamal, Falak",6,224,223
"Jerinic, Ilija",6,226,222
"Joamis, Omri",6,243,247
"John, Alina",6,235,247
"Jones, Daniel",6,202,204
"Junagadhwala, Afiya",6,209,224
"Khan, Haniya",6,228,231
"Khan, Mukaram",6,210,213
"Khan, Yasra",6,209,214
"Khayel, Jenny",6,200,195
"Kinlow, Andrew",6,203,207
"Koffman, Sonya",6,230,225
"Koziol, Nicole",6,224,218
"Kuduzovic, Hana",6,202,202
"Laguit, Serika",6,223,229
"Lahluh, Nadeen",6,203,201
"Lande, Matthew",6,227,221
"Latchin, Latchin",6,208,218
"Lefler, Anne",6,211,222
"Lehman, Samantha",6,245,251
"Liboy, Mckenzie",6,220,220
"Lopez, Diego",6,221,211
"Lopez, Kimberly",6,202,208
"Lucas, Natalia",6,200,215
"Lukan, Davyd",6,224,235
"Mackic, Haris",6,228,232
"Marsden, Nicholas",6,223,233
"McLemore, Julia",6,231,234
"Merza, Zaia",6,199,212
"Michaud, Sebastiano",6,222,228
"Mohsen, Saleh",6,219,233
"Mudreac, Stephanie",6,219,227
"Mynard, Grant",6,217,216
"Nano, Odi",6,202,203
"Nanou, Pauline",6,221,228
"Nateras, Marcos",6,211,216
"Naveed, Omer",6,232,241
"Nejman, David",6,239,234
"Nesic, Kristijan",6,215,219
"Ngabtak, Tenzin",6,235,234
"Odisho, Lorain",6,218,229
"Odisho, Paul",6,214,221
"Ortiz, Nicholas",6,219,225
"Ovalle, Rut",6,197,196
"Patel, Ismail",6,238,237
"Patel, Mansi",6,239,238
"Patel, Nandny",6,224,226
"Patel, Saba",6,204,208
"Paul, Tariq",6,210,217
"Perea, Tanya",6,203,221
"Pinarkyil, Alvin",6,212,221
"Pinarkyil, Alyssa",6,222,218
"Plaza, Jullian",6,234,231
"Pretha, Tairim",6,195,204
"Pryzby, Brian",6,257,253
"Putros, Chris",6,213,215
"Ramirez, Leslie",6,206,217
"Rezvani, Faraz",6,209,220
"Rivas, Angel",6,229,226
"Robinson, Devyn",6,230,228
"Roque, Isabella",6,232,229
"Roth, Taylor",6,185,178
"Sackrison, Katie",6,225,234
"Schapmann, Caroline",6,235,234
"Schmidt, Amanda",6,202,210
"Scott, Alexander",6,233,242
"Shabo, Andrena",6,210,222
"Shamoon, Fadi",6,185,186
"Sheth, Amin",6,221,225
"Simms, Sica",6,220,210
"Spector, Elai",6,232,241
"Spratlen, Khalyon",6,203,207
"Stafford, Nicole",6,199,208
"Stoleru, Adriano",6,217,219
"Sultana, Fatima",6,222,218
"Syed, Mayha",6,223,227
"Tabamo, Trisha Pauline",6,222,231
"Tamayo, Jason",6,222,220
"Tan, Justin",6,214,211
"Tepperman, Ryan",6,239,239
"Tharathattel, Jacob",6,226,228
"Thompson, Zachary",6,245,249
"Torres, Alyssa",6,200,202
"Ullah, Nida",6,228,234
"Uy, Joshua",6,220,220
"Valdovinos, Yuri",6,204,203
"Valladarez, Alexander",6,193,193
"Vargas, Reijhay",6,251,259
"Velasco, Noah",6,241,240
"Verri, Christian",6,224,241
"Wallace, Ryan",6,231,233
"Walter-Johnson, Mofolarin",6,243,244
"Waters, Sarah",6,240,244
"Williams, Janaya",6,208,211
"Williams, Janelle Rachelle",6,212,210
"Williams, John",6,243,244
"Winston, Ella Rose",6,226,233
"Yadav, Rajiv",6,235,245
"Yanez, Ethan",6,228,232
"Youkhanis, Addison",6,224,226
"Younathan, Tonya",6,201,208
"Zaia, Alin",6,202,205
"Zaya, Yokhana",6,187,195
"Aamir, Mariam",6,199,196
